[
    {
      "question": "Can you describe your experience with building and maintaining client relationships?",
      "category": "Relationship Building"
    },
    {
      "question": "How do you identify potential leads and prospects?",
      "category": "Lead Generation"
    },
    {
      "question": "Tell us about a challenging sales negotiation you've been a part of. How did you handle it?",
      "category": "Negotiation Skills"
    },
    {
      "question": "Describe a situation where you had to meet or exceed a sales target. How did you approach it?",
      "category": "Sales Targets"
    },
    {
      "question": "What strategies do you use to overcome objections and close deals?",
      "category": "Closing Deals"
    },
    {
      "question": "Can you give an example of a successful partnership or collaboration you've established in your previous role?",
      "category": "Partnerships"
    },
    {
      "question": "How do you tailor your sales approach to different types of clients or industries?",
      "category": "Adaptability"
    },
    {
      "question": "Describe a time when you had to handle a difficult customer. How did you manage the situation?",
      "category": "Customer Handling"
    },
    {
      "question": "What steps do you take to research and understand your target market?",
      "category": "Market Research"
    },
    {
      "question": "Tell us about a sales pitch or presentation you've given that led to a successful deal.",
      "category": "Pitching"
    }
  ]
  