[
    {
      "companyIcon": "https://img.icons8.com/?size=512&id=17949&format=png",
      "companyName": "Company A",
      "location": "City A",
      "jobRole": "Frontend Developer",
      "description": "Join our team as a Frontend Developer and work on cutting-edge web projects."
    },
    {
      "companyIcon": "https://img.icons8.com/?size=512&id=17949&format=png",
      "companyName": "Company B",
      "location": "City B",
      "jobRole": "Backend Developer",
      "description": "We're looking for a Backend Developer to build and maintain scalable APIs."
    },
    {
      "companyIcon": "https://img.icons8.com/?size=512&id=17949&format=png",
      "companyName": "Company B",
      "location": "City B",
      "jobRole": "Backend Developer",
      "description": "We're looking for a Backend Developer to build and maintain scalable APIs."
    },
    {
      "companyIcon": "https://img.icons8.com/?size=512&id=17949&format=png",
      "companyName": "Company B",
      "location": "City B",
      "jobRole": "Backend Developer",
      "description": "We're looking for a Backend Developer to build and maintain scalable APIs."
    }
  ]
  